TF_A,TF_B,Signal_C,Kinase_D,Cytokine_E,Apoptosis_F,Metabolism_G,Stress_H,Proliferation_I,Inflammation_J,Housekeeping_K,Noise_L
1.5493685002622748,1.0474389501699382,1.5217104273539,1.840246611780217,2.0698370684725176,-1.9999727771492835,0.8471085190104218,1.5993785678462011,1.1473587438742994,1.7586618807388428,-0.8350350329096561,0.2977458043428678
1.3139300847123716,1.3164029254004783,1.2278494536777846,0.43619056723919625,1.3559335913657997,-1.6727990695271355,1.6573190238992512,1.2753747856243316,1.1862073195887437,0.715138794306906,-0.3504461498313809,-0.01945512538333042
-0.7887562745198712,-1.1600392138101792,-0.8948198264953321,-0.34477542633321545,-0.22977075155305882,0.4192526024482585,-0.9712575090648695,-0.7526232645876253,-0.0458192744821332,-0.878864673972978,-0.5862524057104102,0.100416544718663
1.9852703811622727,1.1823893126759217,1.138069489820044,2.085981632404698,1.8244812553268863,-2.3671546029894004,0.9900473552458224,1.5505705961007639,-0.02506354483156424,0.583569555187825,1.3398305227674125,-2.5392215479690994
1.2071102521253714,1.1250820698632578,1.1022021041132692,0.4834825714062847,1.0086572840641916,-1.482978124995361,0.7719203486920259,0.5681222533524268,1.2206990483656364,2.1077915619959433,0.7283115548884764,-0.03894820666486949
-0.48437077347905083,1.6468696811360897,1.4860572662048945,1.3753138066587474,-0.22703028840875492,0.8916197794135848,0.9403891183761911,-0.12854075696940845,0.5029669996652449,0.8018527177538273,1.535520390447167,0.13569400198407688
-0.4974710321858866,0.1007233997707283,0.7660538296201626,0.7831649817884102,-0.09531424263950627,-0.6113637820887524,0.7343713319182381,-0.2923846192417953,0.4197054283365278,0.4599927546645366,0.63469871604524,-1.0662027892752222
-0.6379795859759115,-1.7710797894230939,-1.299673983394666,-1.676203116284409,-0.6604557476172608,0.28388087871405215,-1.1780734337924457,-1.4807229124706542,-0.5390866792835358,-0.33287277724256226,-0.7437448045025031,1.5552133019238628
0.9306038708909453,0.6588758131389855,1.0590441929434105,0.8802348991673964,1.307894718967312,-0.4701632796122066,1.7976366884576898,1.3801879596870574,1.1297643970378763,0.9304751310588074,0.18797505545381926,-0.6295271710547535
0.7842302065144758,-0.054347745719318004,-0.03305894309736602,-0.37904730425020733,0.6656114808313484,-1.3391343203873598,0.1699109188289384,0.9338437693442408,0.5044586832047715,0.5661128395415872,-0.7192080761702843,-0.9178523619946672
-0.4205538418330683,-2.6646570407938786,-1.568471855785861,-1.0863415571454242,-0.7754221334367373,0.892738380947823,-0.3837468947988717,-0.7504201638937771,-0.19421111225082907,-1.3938750195740754,0.47006784637884624,0.005534284926300156
0.008753588535863315,-0.7160996213231798,-1.266728639382778,-1.3596923381386354,-0.7818511997719804,1.273462974481213,-0.6776905463593693,-0.650464703962369,-1.0502840112199578,0.24940299332392066,0.5412706347961386,-1.312773899084474
-0.9120418026622013,-0.14364961859022374,-0.7873783939362274,-0.5278120933390632,-1.2812757361274048,1.2608359411701218,-0.955788687560404,-1.212649591707446,-0.030453438787441663,1.137915644755301,1.1041161815573226,-1.3738381320734667
-0.5255058822959388,0.8455425826139409,0.4471227864086147,0.2418333197649374,-0.2813437040084135,0.690129837338047,-0.1612942737904381,-0.2673138058324208,0.8522507236025808,0.6846043183838177,-1.0578414094874062,0.18764922039602602
-1.1490812512196127,-1.9040000598468396,-2.083308350411553,-2.429225164266615,-1.7107080132021057,1.2851567653016478,-1.3940164895395988,-1.1133072915533608,-1.7629839425961404,-1.2273887943029573,0.6711087112653542,-1.4048926986720327
0.3467986316031627,0.45828912190034865,0.2347182866832136,-0.07007837214321258,0.43941066602490436,-0.8719888982921127,0.3214951481749643,0.3574727991513885,0.287277911804254,-0.9701972172679779,0.8065364999432132,-0.6082991325420027
-1.3588553978092388,0.43684565963300037,-0.023010844598703298,-0.2868533277714106,-1.1655798816818284,1.0850600484625366,-1.3428997175311168,-0.7850705920630378,0.485208460496745,-0.34824156015403196,1.1160990144554952,-0.5412543003737433
0.22833629239615433,-0.5865039817028426,-1.3045478656150598,-1.1962110226792397,-0.47147371260194687,0.1874737727923796,-1.30095519099337,-1.120842355462567,-0.9296379045489235,-0.0012146575429435845,1.2383202570099223,-0.06797417314490749
1.8715307019749896,1.2126680645591408,0.7672096512196508,-0.9229529185050867,1.2065428369249487,-0.972598281842605,0.8093266747384468,0.8558397221515649,-0.08625915072695729,0.9008367576194177,0.5191666839797667,1.0731265661657274
-0.5063677148070754,-2.329915095638598,-2.1647067072647816,-0.8649951382211566,-0.6855362071731008,0.25755250197199203,-1.2978274230599351,-0.8363537494462518,-1.8996547341214438,-0.04290307259285812,-0.6685116331991585,0.557365734383665
0.08066434918944626,-0.24507849482946564,-0.3677668670702084,-0.6423474268344141,-0.12470721054683591,0.08087854826488765,-0.0042428908628391986,-1.1049288139638256,-1.779377685140222,-1.0162206175770114,0.3435735775169479,-0.5920413628955519
0.2908090803568505,0.3962206512476155,0.7304936588139138,0.6245014486510688,0.860840644548272,-0.5258342667392014,1.0263627585492658,0.41200906965075723,-0.08743873735209284,0.39858497804485243,-1.7816968026832305,0.35053322617498434
-0.6189640480670068,-0.3402219965614273,-0.6495475639065703,-0.2691794412080843,-0.37928556135498226,0.3448458832968604,0.4776095069291774,0.02947320503386282,-0.12176030828060201,0.3136310034767991,1.300513183199701,-0.8140872971638546
0.7715481889146495,0.519641243576053,-0.004669738855953085,0.8360123249209143,0.28954658976150444,-0.19294298865190648,-0.46704834850687565,0.011494816409960478,-0.6027172815279027,0.11721158311163823,-0.37877694152519575,1.1319813136592791
-0.6352133698063698,-1.055579916234135,-0.3481368352977955,-0.2511425035131019,-0.8924807516226225,0.6512213536457795,-0.3238106688243656,-0.5519144585827117,-0.6411751668567783,-0.8387831704832649,0.21473912938282788,0.7840540171969562
-0.28584210920906233,-0.5525966446160172,-0.7380562225270424,-0.8816114603361813,-0.709497553073205,-0.03551132126494373,-1.3904866004870757,-0.5093121703995471,0.8503143488809942,-0.06303377826364036,0.6105245778826793,-1.060960714905475
2.8713500190539945,2.6941169451207316,1.8667614805814716,1.4166610932305597,3.3622595001345554,-1.8831094303700575,0.839038923036253,2.597318039221039,1.2600704489911063,2.9330634752432716,-0.006302794466903312,-0.5120248032177094
0.14188860118861119,0.7286832511150445,0.6530080765304714,0.8056571936173994,0.317160577576052,-0.9785388352848646,0.8046846951489107,-0.14138284533907589,-1.3052732355310854,0.9018266601812012,-0.8334165296799643,1.2792879701071553
-1.2950994209496611,-1.5884919451576347,-1.926479217500275,-1.8225018908034185,-1.7281155854456502,1.5807918172709126,-1.9690137455808352,-2.5709561338908338,-0.5100802407271783,-0.9783399293744288,0.1758644741701093,0.6298935883551376
-1.0357939643753618,-1.9818601956451838,-2.1039694728936116,-1.6319110739862424,-1.79561279981257,1.4857016321216499,-1.5329136612848324,-2.313460029026452,-1.1384666910193322,-1.7402587595398908,-0.732761729452117,0.5682441632445161
2.421274858129494,1.110522147220772,1.7213515625665026,1.8762170646734162,1.3707194902329747,-1.6425808667033834,1.9693128179762116,1.3954140484038173,0.6774281790463109,2.1053911302073334,-0.11931376800924234,-0.261768211816721
0.04163674241069895,0.038421658109272096,0.11357851066124984,0.14028043047212876,0.6147206156478232,0.4232939970056004,0.1685150457324266,1.3733757608577444,0.03131654324643344,0.10745814798442693,0.6949402983531479,-0.23181604596151173
-0.5407903918935553,0.7358464154690899,0.41773529353685757,0.3112134682654938,-0.037218437745989305,0.26321980857788596,0.015496402215062257,-0.0037847785492543928,-1.0931650022608312,-0.05899134148754765,0.044399543791831954,-1.0636283014939423
-0.584936751038438,-0.24327012411133503,-0.22079352001844274,-0.5739942233199623,-0.5758062568835425,0.5464645115879072,1.536399850877666,-0.04150540272757189,0.13810383734847706,-0.7674644697539774,-1.7915765865044007,-1.2381507129442617
1.1140913931833303,1.9241188374869904,2.7009570785389694,2.547522734604889,1.6973803166017625,-2.098136918497923,2.6710849608130816,1.8665146154608356,2.052396304716899,2.258483077755499,0.5749284270877824,1.0632052701020396
-0.03989229371306586,0.34886436248958125,0.1626597680511364,-0.20281541519400398,-0.30280987158320494,0.3770627771210413,0.2033790419613312,0.16711711151635908,0.9411408992583764,0.46390728575518597,-0.9769094902748053,0.4873019189732305
0.9123244842204118,0.0004415698735824661,0.3358397852775107,0.46617907365783007,0.9957130245447644,-0.21793330486695642,-1.2309417631009534,1.5705594455348049,2.3720317537779714,-0.09598906156442902,-0.575931255798006,0.3789624052901639
-1.9042632418276126,-1.0512659010612937,-1.261564888575685,-2.167302621806436,-2.4600776890792715,2.014772701008115,-1.4749715003232526,-1.7676998314211412,-1.9172955857366836,-1.2089713532452637,1.197450861381424,2.0067784514088984
1.7728559756703108,0.732081324998098,1.3767959992092593,1.2371391507387581,1.486619231185188,-1.3584814335385302,1.0367201438377773,0.9761107402856202,0.5131076086444288,1.2071664604638268,-0.14879966510406517,2.091015555950009
-0.8247842582523509,0.04966847534867634,-0.3444730188577352,0.041722035817096395,-0.009028790179227858,-0.28722067046099514,-0.2114912174076597,0.01694267166201436,-0.5232534716150139,-0.3955836007402854,1.2602406169169833,1.0173680913173697
0.49440897131945427,0.5481705809665152,1.1562000682388824,0.888650054501293,0.0816432664569427,0.3343875190948139,0.2638988787097699,0.9132175734650226,0.259988913612534,-0.46360936168798994,-0.16295839280211302,-1.9176094604562404
-0.24428778016775576,-1.320603770688914,-1.1227456627757055,-1.8432397414656487,-0.4651525502054987,0.2730248223680979,-0.21219729476567337,-0.7142103890021821,-0.13842921113272405,-0.737359597256191,-0.08015615001490126,1.7586498091883371
2.3599003711385604,2.7400333566541106,2.3570435763550575,1.7687455584189893,2.181433750481066,-1.6166586613950544,1.595989668427012,2.6155289666568717,2.8929646393042847,1.8708394506907826,2.730069738862638,-0.5314390045447973
0.16685549585940848,0.37103849584595466,-0.3284453681619858,-0.3219272596933794,-0.6422418208233214,0.02150297832718218,-0.4981058631333565,0.03733381981321329,0.3889450670705704,-0.8598054650282557,-0.5924282631843726,1.882732927256847
0.5897142164863003,-0.4351734984958026,-0.8072983453574911,-0.9461966798385228,0.6577073555552749,-1.7328445073793959,-0.5138380063379203,0.6054677551276927,-0.6435118797558194,0.5036960051382233,1.3735937807812215,-1.5823612092105175
-1.2245485670769796,0.023880919003696117,-0.7330993128072534,-0.8383167740156016,-1.2125544451086092,0.39675139177659074,-0.3780026929410352,-1.3082955256644435,-1.837587617191964,0.35331329583034454,-1.2401876090163158,1.2184164158470563
-0.782111959582169,-0.9409433706660536,-1.284011498199573,-0.7801663517940763,-0.9465172687672988,1.5587249362583442,-0.02497674922545367,-0.5638688350478998,-0.5963615786225013,-0.7587443627378927,2.208202192151097,-0.3550257325759618
-0.4243028636702541,0.4164946464036632,0.11381537745013584,-0.20196054934712432,-0.6695014410413767,0.9443980814326075,0.4597377137902723,-0.9111844624712726,-1.509697432287254,-0.18391996720942955,-1.338247415751656,1.565955329844169
0.44943984592502767,1.251515322322589,1.1013334734854283,1.1800615829724876,0.33698589593848066,-0.23709949833147181,0.6596123585211793,0.20213795868951853,0.44187629662339717,0.9641973979542967,-0.2653781288109419,1.0710970670144595
0.7012331678085229,1.6272888469270503,1.0683198104651148,1.3582147666361704,0.65406676990386,0.035228591973446105,0.8172267897224775,0.4203935093044747,-0.3106205481380657,1.4400821809834106,0.19587897374519722,-0.9793407941926844
0.3121169282486608,-0.30963442967168153,0.05870191469941228,-0.3736111881597717,0.4059157697714572,-0.3833233361602334,-0.25594772104649405,-0.23158597218956198,-0.5974255123197756,-0.008699214066659324,-0.08935541502663548,0.8123067928876522
0.03894220181271688,-0.26722615908786307,-0.380358273575421,0.20403421758375576,-0.30327352180776906,0.7746023503942656,-0.7697732600311469,-0.4614340917378486,0.44481493945156486,0.40653575052973395,0.23425153086642253,-0.23737664597923538
-0.3122411346997919,-0.7480407834940234,-0.6234175705945862,-0.9893335686270199,-0.9016525189274595,-0.5714540300845514,-0.037454775728444925,-0.34649805407213913,1.2209083090741433,-0.7650068666611359,1.9576794876044656,1.2335817780542528
-1.1797075703357975,0.4622951974652558,0.04150034635452647,0.8362061896691088,-0.8928245357882532,0.045233940294747144,-0.4991432468347214,-0.24915951182373372,0.029888952358711383,0.4329543917485023,0.148222374497894,0.5976167743379663
0.9160731214032889,1.0664906972356785,1.074592296964443,1.0245250004262791,1.3418503757982223,-1.1574731095014759,0.11109017196973409,0.7203698391046366,1.1277630476602065,0.903165378357212,-0.4387822204602177,0.3667368162295612
1.1881612336948957,0.807978379570632,0.2216197495877129,0.29089307378887036,0.7958895225040881,-1.36593655379074,0.11709604597269153,0.2321406801326686,1.4203279398041704,-0.1473089725141306,-0.31767244277876433,0.05197062021849575
0.3113959239194834,0.6268838871630039,-0.08902972955601128,-0.6598952002765859,-0.12629439923357197,0.047953833899436665,-0.8878894878753926,0.1400262368434924,0.5742178979690755,0.1510614048312838,-0.569683014025631,2.5337503210160883
-0.3345205453397328,-2.052013543601999,-1.727910252682567,-1.3713724711601456,0.2350080691631071,0.00646831412763328,-0.9991811604531188,0.038516615915857956,0.5396853274378295,-0.20830478958488594,0.22868647395829858,-1.469263749258403
-0.10285281677286347,0.43443808460033656,0.781065597159763,0.2180169568498447,-0.1949683035895385,0.46119832112588244,-0.21195728062468452,0.09872017919302677,-0.5200659735266286,0.7637539479416804,1.3385277974118974,0.42156921058639524
0.39819806860655815,-0.35691710704435253,-0.07031745277749468,0.13493138602948077,0.1533267960618126,-0.06166694955681919,-0.1981881236558464,0.31611042433414643,-0.7532106232180673,-0.6465495353057327,1.4846499350824878,-2.0165798030568696
1.1847358213160852,0.8957056403556497,1.0312909796414624,0.5634000674973855,0.901656179624252,-0.43634431418679587,1.0855762504490978,1.2012394885844087,-0.018270782832664194,1.2490338788432054,0.9502469350472663,0.07778393900008553
-0.8444688934222935,-0.7810619917346372,-1.0027629191436827,-0.9897671104386749,-0.7250124671295383,1.7078707830585118,-0.05432681348452674,-0.5869399573780316,-0.30732310782661376,-0.8526535811029156,1.5680731400322683,0.9050339225893798
0.27682848650556235,-1.6501726801064545,-1.514185596289735,-0.2716321060793784,0.05695127137387099,-0.4975534020705763,-2.4536638254003114,0.4206295250264501,0.3625605333822972,-0.7602903267203931,0.9900202484531657,0.43784380635280135
0.32079144341252935,0.4468586323059363,0.05286575906393623,-0.05420642927813873,0.0898437578507107,0.05034092959889608,-0.09792012607799691,0.4228968253514153,0.8554940952234122,-0.1330170304310739,0.4950968259701955,1.423185490477484
-0.8941576254931352,-1.7705704193398863,-0.9889547744558758,-0.7407169479177911,-1.047880735343408,1.202062646805354,-0.9855044865996029,-0.8948821406874834,-0.724064358409787,-0.6094678281470676,-0.8148754633612708,1.0119569722765367
-1.802401946212326,-0.4550247544647947,0.07677136238700566,0.16291522175719855,-1.0088733612268792,0.742317406393436,-0.5893081639410103,-1.4477466395823684,-1.9069124753645696,-0.9298106486919799,-0.2616062447953406,-0.24248817255576743
1.0301978280993946,1.6657691622201471,2.06359892457243,2.1851795225897774,1.7868687490185546,-0.5473691292544755,1.2610064317524854,1.3455202610113974,2.117205686615986,1.099893237201216,0.2550019230434116,1.5769488158092138
-1.0359064500848392,-0.13432062264720931,-0.8727882869187467,-0.44407483258676134,-1.1062162520347363,0.23894126793153894,-0.2691669488736213,-0.570563545947868,0.22845194060734655,-0.7074059251867733,-0.08345895872664869,-0.9706142253030323
0.2482853048196916,-0.11965383951288648,0.4480426591120155,0.4269285353903259,0.5189115128406714,-0.6188265001143953,-0.17985938600917806,0.14718756723444007,-0.7940884859563097,-0.1583697315852661,1.0203432967239487,-1.1130684314500965
1.9897829205536388,1.521295535430695,1.9811536193197887,2.2854199086165754,2.1691152407898806,-1.8408735813543373,1.9810836825533729,2.3234940728012465,1.8754652351084455,1.9808301940780386,0.3762864870863659,-0.9389370412968097
0.5482531008570289,1.0708462023895307,0.6893934971734162,0.22928082066887553,0.8374133858133046,-0.1953363935969001,0.5620595640484954,0.46156470461123944,-0.31173619941194924,0.9574522212270439,-0.9145387929865632,-0.3975351988836462
-1.71979314486807,-1.975386497828931,-1.7384873821158522,-1.608767840293276,-1.8649185994628328,2.231436649698859,-0.989205667489968,-0.688969827370798,-0.05886195327124649,-1.1489484641155456,0.3445325304227644,0.21938102148334795
1.7070130206178902,1.0610025673539745,1.324967664244314,0.718068758655367,1.4715966264838731,-0.569530753550276,0.7015039649396563,1.1288294601579678,0.4385626305120733,1.5868537610993245,-0.059205520010946776,-0.09662871693267305
0.4691764124438188,-0.6708701810630678,-0.43314210489336297,0.46565553539127863,0.8680050555970573,-0.8889644851201233,-0.2877935930769783,0.6501907073549981,0.25541657446785554,-1.689555459727814,-0.575293031561707,-0.13772724612479362
0.41844928621392596,-0.07288018628831072,-0.335849718981457,-0.3604467388862301,0.5262173731030362,0.9445975315861622,0.7311563269453374,0.9402781762696885,-0.3138120509633757,-1.6052822442008883,-1.7974822659539424,0.9758494114526471
-0.26664073362164553,-0.5370512863496323,-0.5233002801779444,-0.16672976550549953,-0.43317695068935014,0.6333801461359329,-0.313135713211645,0.31314959554894567,1.2590643028243307,0.005096328105500453,-0.7651728473101284,0.9260732116213177
-1.174413966092115,-0.8024913111263609,-1.272642288046215,-0.8840681594825675,-1.354211056071926,0.6308157497323275,-1.6493159502488925,-0.855640843903935,-0.6774998325596061,-2.2456861503151133,0.2174566724747206,-0.46194236782171716
-0.7919107989546542,-0.035685237668318354,-0.8817793475481956,-0.904425036804997,-0.8425762797203782,0.1308998090805547,-0.7558942268155376,-0.35374972441552555,-0.5236140201898707,0.27639074636723143,0.23484088261317615,-0.8746808837899034
-1.278174104859551,-0.33777908570554244,-0.4134452177198085,-0.5272002605561925,-0.8630723339314929,0.3997553881315353,-0.6840156550774371,-0.5537792858276276,-0.669879217440546,-0.5279856141078229,-1.2606543594916977,-0.40766598819334876
0.6862555528359655,0.17852575257963638,0.06998066665862557,-0.7895366852924823,0.16118012705243936,0.5697384472385445,0.33777972966195136,0.48261609380667164,1.4074042515522367,0.5423271838075508,-0.5738846994992043,0.39607395526226524
0.647300794878986,0.3367850497316845,0.46409790715913707,0.6943966708699714,0.6618592501883669,-0.7909562720307527,0.0662327156658279,0.7120882151188226,0.8804417136946304,0.09760418094817938,0.5925251019879241,-1.0642874541401213
-1.4718019692188733,0.12664507493910707,-0.32401527388789525,-1.0208468082051039,-1.5287263318643205,1.4645235842159035,0.0638045462935038,-1.3609928706453285,-0.9203712622227468,-1.7417199071833904,0.4241808825021031,-0.8751310328272967
0.637035710517568,-0.26628585830840995,-0.09602617951652492,-0.7001917395426211,0.05533596288044917,-0.3856453043876269,-0.10524263357735754,0.19863817858821864,-0.5827344872524202,-2.102895741545502,-0.5577012119969178,-0.2859798447587133
-0.9362809817003758,-1.3402085160297383,-0.8044838007394487,-1.0610585941317634,-1.3757403880781005,1.0937791477403038,-1.1466811125730947,-0.9827861932673748,-1.4182289311294378,-0.5949682665159685,0.7469630646008794,0.6568768157608863
0.05466946953663887,0.5975272531712392,0.8033469912945304,0.3904451268597452,0.37313418633216133,-0.4329035608167434,0.8941385935248615,-0.0567423382312421,0.14448879143190566,0.5077655713402518,-0.008011788501312931,0.7041912197153397
0.6753891963162449,-0.6010803646796442,-0.7748588398915587,0.12898647742390432,0.27716935609856286,0.5326788364317337,-0.5182589595940775,0.09156719315986392,0.7469594066959416,-0.5634971584037013,0.02869084077052787,-0.20546621304276486
1.6451640004423804,1.517097396480413,1.023995495417742,0.5266304759628204,1.6196664351070158,-1.9800451941431734,0.7534212098564455,1.4502326606054023,0.8289969342535702,1.3374096522368804,-0.2723558686697826,-0.5383867240774711
2.4202818575094924,2.4187459986234088,2.562651940995626,2.435912611127439,1.8645409851806514,-1.829541313093838,2.7787210356200758,1.885880382943848,0.606970495007289,1.4488030534235987,-0.6618907082015764,-1.1451408441165785
-1.3618211202977424,-0.38346604460510597,-0.08435947583979186,-0.3575368415206388,-1.0647789801934557,0.9886620368543587,-0.3100537872085436,-1.3355126088237828,-1.060536494096092,-1.0398865259346988,-1.1028805506297163,1.4165752899479027
-0.5993433318541983,-1.5765861287974652,-0.7078784053293674,-0.3163155301376821,-0.9803052695423474,0.8790520461168205,-1.7043616095515375,-1.1873004170587071,-1.5978504222591372,-2.3809860382466046,-0.4666866454956517,-0.8791735634071152
0.49865610655280823,-0.3399354596777587,-0.05685053013664545,0.6733957976351153,0.6567367948977046,-0.7652023119274315,-0.5329238002028067,0.5569806295511724,0.924538579024887,0.2950757772914798,-0.6565646063326575,-1.8328954003024553
-1.6512590676566288,0.3778778616706521,0.31400028499183913,-0.33098514547174146,-0.922547569184081,1.6037484662587518,-0.656702965316893,-1.2398053941671725,-0.40364110420204785,-1.048221254766472,0.5672219887422241,0.47376884702435895
-1.3261290236063124,-2.146076379652133,-2.185036967823977,-1.902991454431499,-1.312969323006836,0.8902376723071381,-2.4290825375107454,-1.0675845108480224,-1.0074828769696138,-2.4212750681745048,-1.5769458366567122,-0.28172608520464865
1.0510008792305714,1.4102437946668116,1.498622886647293,1.2579758889343566,1.1479654896657525,-2.248705218926034,0.9371803981404695,0.2529149612922186,0.06610886162240534,1.2513094128194313,0.050326728577146256,-0.4198063658854189
0.17982217957779353,-0.09762661648115521,0.11446218564076169,0.008549980817265174,-0.10486073337524683,-0.07414535448063016,0.5419961053160657,0.7563670419721257,-0.4452304013830475,0.7831846284646596,-0.2601870112456418,-1.3512399395266275
-1.1145450087916162,-1.4163781860993954,-0.563986780484151,0.03270764850070108,-1.0428424805238732,-0.10622308668576026,-1.1024063685498382,-1.4357428868892275,-2.0026773640175075,-1.7653091337838045,0.47083673189042413,0.024716042762460765
-0.3393917075145825,0.5949408429247092,-0.1925416904370732,-0.14481791213148007,-0.17076253157699064,0.3478601148174028,0.7842999441363484,-0.2812920099464924,-0.43801907127088513,0.28886844732691735,0.019679118646025,-0.6172042173863309
0.7922939849670325,-0.38473117859596334,0.4020763540397602,0.5730202558472683,1.4994392049252938,-1.449336154228995,-0.05529245084103586,1.0913370085503553,0.2810270202167224,0.11043746929836863,0.5535451885191875,-0.5579746248237268
-0.8751399542296261,0.2613834000408472,-0.011257192307503975,-0.20343448981382262,-0.7893081222299009,1.6611817009888712,-0.9603588553979853,-0.7994548055423818,0.3057815269908574,-0.04172151516794401,-3.890870106934311,0.25587899166530775
0.965587253599298,1.7928369142346534,2.746404841470148,3.0856791270581048,1.4090551789569215,-1.5653300818158744,2.2499498864498593,2.171237383640133,1.2260744525176863,1.3983151833490775,0.4177750031871545,0.44300312371307554
-0.15009049122573861,-0.6954790125688692,-0.47357965458931617,-0.7366484966005423,-0.05882355378587534,0.03044358403172227,-0.14909513975962568,-0.15988865924396087,-0.4916260078658124,-1.3262823933876755,-0.8751012031102882,0.9078127596764924
0.6658205024951027,-0.05285181495703397,-0.5147349696437352,-0.07009329764994075,0.5060313431788848,-0.9030254309892753,-0.5374719943021559,-0.35889371046575863,-1.1014096231193977,-0.20907273548834557,-0.7029884028160334,0.5325491585260166
0.5830905566070568,-0.03743009120695953,-0.2179363404979602,0.2907324359705409,0.6177084515667071,0.25956035018584334,0.005858394085129281,-0.14180284115452368,-1.0336711763706778,-0.40649098934183975,1.2009680890154781,0.3651060936451438
-0.5225143262889735,-0.25030931077467916,-0.850312663867386,-1.0250719122361733,-1.1050432003584287,0.2603291695565304,-0.09881709795752462,-0.6986534317543053,0.539875620776842,0.37943133996953815,-1.1226180062472417,-0.3775648171364075
0.604490020469591,0.5953997293698262,1.0959141318429275,0.2750508432392061,0.37907067098242814,-0.8443315521359213,0.6478049335694884,0.007207595662716703,0.9460100458237183,-0.8615646628600396,-0.2747902061997669,-0.35894789637470526
0.8959538991564283,1.6956482269983826,1.7531291776441313,0.73966735209625,0.7876603788568654,0.1914184098697123,1.4439472533079036,1.674482103796061,0.509895661839018,2.4826484474204253,-1.409853137885502,1.2510360408160321
0.3947564803170339,-1.263793521632946,-1.3219858498491737,-1.1929269085074292,-0.027420615101165755,-0.20022620818434322,-1.0928277366710824,-0.8248410023144358,0.20525063978200256,-0.35604235210881674,-0.6613644506446841,0.4046985426253659
-1.413653509691462,-2.107573173495732,-1.8313665832957713,-1.670948900541655,-0.8966148303063058,1.650445180371539,-1.3251586725141775,-1.2240417331479247,-0.1730416207991057,-0.8403330185660857,0.6169473732780072,0.3947516247251003
-0.32624704207819394,0.7321846777768318,0.5151020604634973,1.305122958494844,0.009538463829979516,0.2840794698907675,0.4483148440601805,0.33625616366614053,-0.895897528051158,0.32793036204533904,1.4237754795416713,0.19963568399826173
-0.1439667347669813,-0.3857248943952764,0.44602743454804206,0.3461885406748837,-0.3767743950326528,0.7172070232166133,1.2629722244903017,-0.7479603074153867,-0.9912663233142043,-0.04699549120231132,1.1888052527380395,-0.15471836504293282
0.4836497780084034,-0.16956796482515624,0.04833238169883783,1.1763600625807231,1.989073308764765,-2.4661400199243966,0.4539546026191996,0.9738121877988498,-0.30803099226727565,0.3358675643448666,2.1568210576858577,-0.06953667764700573
0.7557779052461897,0.12730890631876432,0.19772093888929237,-0.25834965238776153,0.49402352629062024,0.03959723466671812,0.19532960292273568,1.1625012580231262,0.816115589626195,-0.9823236585006551,-0.1803089564844813,-0.9421054784981351
0.3018298308491641,-0.541377964408518,-0.39939698763177084,-0.8668477447709225,-0.01901570838253506,0.06176338856173472,-0.7713062892999509,0.19548102101970666,-0.26415444616076095,0.031636736511753846,-0.03673436371314354,1.2670077428189064
-1.3887431782830133,-0.5943564457399061,-1.180592582232391,-1.2010672942270766,-1.358881369234977,1.382155212916348,-2.068587857378625,-1.2177026839086917,-0.10814098225474172,-0.7296861131304218,0.2088879849910532,0.0028973129427055455
1.4213697552010425,0.1514218124254698,0.9775668070124977,0.2733015149356143,0.734952708377426,-1.437308626141556,0.38588299249821434,0.8541786284162401,0.12369413075232659,0.14966065983565163,0.24061094107232983,-2.2350984059011942
0.8071798398865357,1.314976048096427,0.6612054081619619,1.0210899527992439,1.0298086682326033,-1.4000196013126374,0.6477085169479795,0.2217366045897883,-0.045610318462886976,1.241679399192183,-0.2074340558465617,0.3355589023177976
1.7237378370005336,1.0632004551455343,1.5565781125478129,0.7797867969051044,2.4145640486983004,-2.8180122069563276,1.221451072162817,2.0087486173753737,1.4684863890505715,0.6841522569848448,0.23023265761869882,-1.0165052176674725
0.9246728825979197,1.2486610209054474,0.7656868144947583,0.247066021167824,0.7165268920430917,0.07241052427100463,0.018486950817120443,0.07869160847744044,0.4924116769478454,0.23256801800994423,0.18327006392680142,0.5124404151419942
1.590928471930433,0.08150801043853088,0.3227408270179405,0.01617875611323548,0.6504699490952788,-0.44916370890341034,0.6004410230795729,0.24736253280331796,-0.3017501703706767,-0.8599218815658332,0.20637987172140046,-0.14324959782464788
-0.4274967566029642,-0.7086349695261454,-1.166914846492849,-2.221118503104639,-0.719373790749027,0.4027299014380677,-0.9411557266731038,-1.1771242217305737,0.10912591126673547,-0.7262768642041872,1.1085371488049294,0.5619352570894657
0.6137320669599051,0.38332766693338466,-0.07622182539626708,0.21012732773745693,0.3452256775942977,-0.6325411216057486,-0.9737769104690503,-0.3497072947162391,1.037077978606689,-0.31877164609364556,1.7764560359931416,0.47778387661098176
-0.9140589018876986,-0.24966966632717308,-0.3050115940067234,0.23595702357274778,0.21426990679356575,-0.4814763287641436,-0.4354073169590153,0.4093056838335813,-1.232718478834112,0.17003900613668962,-0.37136587395842346,0.4793765080931562
-0.0878358028439758,1.0451436000972445,1.652305740142149,1.6577261050352086,0.49835734012910465,-1.85902464825615,0.7512012218601878,0.856138408531948,0.9606427510698106,0.4170910259437965,0.06339352427615841,0.06292622712259267
0.31632991138327965,0.3033091570811659,0.3780745465261024,-0.42074308127238896,0.15946217608818236,-0.8093883853065558,0.7003168825750073,0.16985668289149047,-0.14554290183437202,-0.22790075724120118,-0.9453052782525178,-0.07710959007999717
-0.46417723327084487,-0.7369189782472467,-1.1158567094071037,-1.4056522907638758,-0.8962558468504415,0.8449643329311363,-1.6872113924665402,-1.4232921171239803,0.9617417197620851,-0.3829662504041713,0.00542343201388598,-1.2607596001919388
-1.6685828323583312,-1.2689315516993176,-0.9368195203104108,-0.7120031769451582,-1.8180931531489728,0.8513796811814095,0.5462161675609604,-1.8540392277651936,-1.5337549613061805,-0.3923327491748642,0.16566695513575658,1.2850809571740105
-0.1807794437404853,0.05141823514830145,-0.34037042171715726,-0.17661402684903704,-0.07509646768612857,0.6322155770984071,-0.08328082451349052,0.43751554081479227,0.04390865493510183,0.24113544824416996,-1.334086908161732,-0.8598908590383281
-0.3155761317979993,-2.4741764014908303,-2.02566515899331,-1.8140004933398217,-0.9033868564409577,0.037691115442668684,-0.8158155817613559,-0.6951604448299663,-0.8624980553780309,-1.3043217273014294,0.7247424802804041,1.4986797044656763
-0.3222363127582004,0.9998093354751124,0.7731371704481073,0.8945201702073726,-0.13225214160048263,-1.102796548936292,0.7058053005883175,0.3087241085975732,0.10969684082350288,0.4963632010130573,-1.423331770946029,-0.1776552206523541
0.11076933365809075,0.1024831638008574,0.04516192358397006,-0.8636221558199518,0.9175920242703024,-0.6855283194790467,-0.010024654036269879,0.9599847715383549,2.9034765480412106,0.02435728931979884,-2.704971665705743,0.6374773117628662
0.09262837883523752,-1.2746542741814897,-0.6619685138664305,-0.3169610836831667,-0.27475498675350835,0.3906841928635821,-0.18710995174727804,-0.6064861700806682,-0.8999782538126414,-0.8615975113652253,-1.0436517174680218,0.6373785811517291
-0.4408188767089234,0.5558285650072475,0.03260667401837286,0.03466553078077632,-0.45134635108463106,0.6101935732151049,0.19160514777573906,-0.5115888599830637,-0.14860483115515724,-0.4370197632359759,1.0254565762216434,1.1605178495251152
-0.6345430498421527,-0.19025264362080502,-0.8058072656360241,-0.2944909201667508,-0.3385764039868313,-0.4586670982055384,-0.7969184314300896,0.065053466143514,-0.8297778501270251,-0.41509020553745474,0.07296451067512365,-0.30638042492386774
-0.3698481225756985,0.5920029816762534,0.7388501520437893,0.6636023857162336,0.333361856514082,-0.8443843376755836,1.9111573226510037,0.3622486012074171,1.2940897919639447,1.127767369938743,-1.0218461687054228,1.9691010305342214
-1.7298825385685497,-1.493825909242402,-1.2515200189923417,-1.0793708814036451,-1.6286932334136346,1.2081462802854042,-1.8216953419539332,-2.0381359489552002,-1.2419799276054706,-1.384385299779258,0.2600450628871466,0.10822254410295234
1.0372265375748615,0.4888038653439846,0.5051896840888392,0.7696987077159404,1.2385514963308633,-1.4841314227496432,0.10490563075011185,1.3470507439789112,1.5477424534804407,2.4737379554552326,0.09875482394387375,-0.33885698947616405
-1.121028671249913,-0.6182821772273821,-0.896274189599176,-0.7791800089189929,-0.7411472967179135,2.0467245695884535,-0.4773038512031064,-0.5436944113690844,-1.3771539599614435,0.0805895432136982,-0.05071410534771542,-0.7700283154234312
-1.1215167621074766,0.1307262936387873,0.21768693819233054,0.35603402479361757,-0.712614011225186,0.6342085216495815,0.6736602242603391,-1.0979853861548217,-1.590902492880581,0.2684881611727109,1.871922576915531,-0.3431795474696941
0.9704595525599278,1.7606166416255136,1.490410823296808,1.512127578129492,0.8536859704828865,-0.24793903062246714,1.551379041296437,1.2103498132107555,1.2601632936659717,0.5119980430071018,0.9066816503971599,-0.3719496495688932
0.4238255318152055,-1.0428159387055216,-0.8803554804457867,-0.8774596990712308,-0.035572738980885595,-0.08887961942044824,0.11015859698074167,-0.5586186330424838,-0.96191482599597,-0.043840884581698124,-0.8602501602502381,-1.1863295483153862
0.45927864941014857,0.4105500416071353,0.18461744160788895,0.02129170975014013,0.8947121087203779,-0.2523024034741626,0.22571219175090587,0.7928604711363885,1.7116630258481345,0.8495684711575032,1.1422383478750529,-1.7064877140883488
0.8090796517805474,2.0445637311067015,1.4495479921876782,1.9532139879206194,0.7169310539612178,0.0034964817488546875,1.167842281054131,1.407680912754442,1.2157361764090766,0.5796484900706822,0.2971969165738378,0.9472075733961802
0.266675235450099,0.7177595910055388,0.7374035015599564,0.12856077743255895,-0.12013182205229353,-0.2658891374879129,0.8566175070733264,-0.16563399668879025,-0.1325961040840288,0.0036319214505200997,0.31868614071095586,-0.6728234827438438
0.3931906935841529,-0.2033183773136127,0.11166278289925939,0.5462544595903098,0.2585088088708654,-0.7499606430892569,-0.23296583071138785,-0.44993163692339516,-0.3543595036419703,-0.08468912989241133,-0.1574635491792709,-0.43817330718097625
0.1421659764611978,-1.3921476333854879,-1.3905957467751469,-1.0778697425233772,-0.23084038737602636,-0.2986938140222085,-0.6067944902491396,0.4612186472661149,0.5962154843462998,-0.0026959205428480413,-0.7257229234794375,2.362154134494569
1.3937937530435265,1.0391597577612002,0.9852215489535853,0.10637345349047929,1.322348434648286,-0.13205222437553146,0.8756517985146877,0.9315056696576018,1.3756280280508255,1.0442195621762052,0.29071430108156104,0.8125884903987538
0.5033022887650624,-0.029091045222392167,0.6639476380680938,0.1459579568129329,0.4613268152931761,-0.16986649505265192,0.5574927747199265,0.6370722392584655,-0.605572321008359,0.7395523761417909,0.2906954070038309,-0.9617347255564233
0.5937791822608085,0.9352926303881116,0.9698477868283018,0.7414274375843279,0.5260194055774894,-1.0012680164485466,1.499639712676358,0.5539660781570002,0.4518743807674413,0.34084517953194593,0.9935959985582673,-0.5738330364784844
-0.9725811282041245,-0.2890206142733565,-0.3023918700950236,0.4857591890795776,-0.41571731931614253,-0.35079574683022735,-0.056797589127964745,0.05236426406408944,0.2992361724374673,-0.24014714687338484,1.6914476074657558,-0.0662252115864289
-0.23160462754670616,-0.28834531301106653,-0.7297331355326838,-0.7485254917211882,0.3839833386956207,-0.4382458841608563,0.5358205003309098,0.4674250755465878,-0.6230594254181153,-0.5580722640977077,0.9080099149693375,0.20360632930871123
-2.0619560891459474,-0.35268519893369543,-0.44762804026309005,-0.5066090503539009,-1.4648758781377202,1.7334504373679278,-0.5406941818607964,-1.2494330131594997,-0.8226890999317529,-1.4458617351506682,0.5728488779479783,0.6674093609196942
1.4963471952196252,1.5056760315366742,2.025521773153185,2.510488363234812,1.9026676406539538,-0.7890460099313541,2.599839781705965,2.4495539171120653,0.11699145169415646,1.3265464889579797,-1.0117134369119112,-1.1459160667619617
-0.5422648772597034,0.5771778484288561,-0.7707898521693466,-0.6863768354482644,-0.936538744003542,0.4443465890434658,-0.08492884662809398,-0.754746636524521,-0.7173038646721578,0.13406847707937528,-0.4621207697749396,0.41827512886275703
-0.3672465855073084,-0.7302929898756715,-0.5640220138805098,-0.17271846885789796,-0.2955216441311827,1.1411386681516928,-1.8361301290150882,-0.7749831266908586,-0.3545490415202675,0.3357191557622694,-1.9641689119191503,-0.30111523673678886
0.5706510676019286,1.1584535195716505,1.208938195637266,0.1527269889994813,0.22279607609631796,-0.1287351722946338,1.0391551446613678,0.5745973880486427,0.15486732633591982,1.0535310012776546,0.05483707165716097,-1.2561343207076097
-0.4562053505427252,-0.8757113933124574,-0.7091284436222173,-0.44241027256895216,-0.30163521234800517,0.8581086545126668,-1.109815742495772,-0.5647283666299732,-0.38462839126068477,-0.23706473757958366,-0.5325286743682155,-1.2190144446710423
-1.0712913857546098,-0.009883915391855392,-0.6664229528077048,-0.4953784640217298,-0.7628655595187769,0.40004228634163197,-0.44445582232427744,-0.004475635311844193,0.7362634101885664,-0.8571555968805837,0.605288074812643,-0.8018957416740585
-0.39469146745339934,0.013999626065951763,0.37436513209573785,0.5209182415203728,-0.4148572730433617,0.5961783810916076,0.09075672255590762,0.09247951159564095,0.39112662053369407,-0.6722863925855992,1.1705852694873247,-0.29822705837786323
1.3984823493196037,1.039439478153643,1.5101406001409357,1.09239200898122,1.8074891153528105,-0.7700464813508642,1.667835384536526,1.5918111978733211,1.8190249092062707,2.34069818044076,-0.5015110428536268,0.6188931483830209
-0.21688949303320593,-0.550938317000527,-0.5868148514753175,-0.3107782856627302,-0.1592104931915005,0.4928467371412383,-2.271234430692167,0.04219797322715187,-0.5532770716743372,-0.6806754989716554,0.6279901048011415,0.6868868788904472
-0.19833312525499874,-0.4916765429464495,-0.6537399242783667,-0.9614158517632515,-0.41186215519120906,0.2874383590244966,-0.6671490025555619,-0.21758467514292607,0.46550350271206975,-0.6380392465799642,1.0190716088224803,-0.07420517485437343
1.0491592454547591,0.9226552026282046,0.7747647538045717,0.8816163902630698,1.214526426918856,-1.1569835152509216,0.917468535677044,1.463590778680107,1.4283934260362856,1.1540532271508355,2.419710251528822,0.6777427168847218
-0.8337168784945946,-1.3481504577908885,-0.9320270119677694,-1.6962647251422232,-1.8353258850848495,2.1747771139026897,-1.223448652202908,-1.258854790075687,-2.315637064527703,-0.43932032150876876,0.23807847912664695,0.4046192029835194
-1.3476485236276348,-0.27135778916968667,-0.16220434679250373,0.808441506304487,-0.8286025571565026,1.475785195062863,-0.6658911317243845,-1.732377981785552,0.002993201053808696,0.0851123218530613,-0.25019495550828263,-1.2414082978710237
-2.195395539585511,-2.3268418133636906,-1.945769375781174,-1.1530972091208815,-1.512575080449121,2.008159246728205,-1.3424903785771491,-1.5741973168962597,-0.6157986803482254,-2.2321747284009548,2.2354065561249197,0.4885240818841254
-1.3136627574021538,0.7159180459941974,0.6240998108481026,0.9671438522930983,-0.5724637644310513,-0.17675998310879962,-0.3844460642500521,-0.27123468189317745,0.11622836962331864,0.8953451263872513,-1.6316484920752037,1.7599471225319323
-0.38393718194206133,0.695313310940156,0.9022361475049921,1.3746392754038517,0.31798221604797355,-0.2812530850625694,0.8177749062719591,1.017260602132628,0.9411552131636453,0.7030356836304108,1.2101513797117638,0.17824816102134863
0.41373527088759765,0.7464266441944344,1.5549048328671464,1.348404253566797,0.8565528644328151,-1.3261849295001797,0.49765184141913665,0.7392591747442042,1.889043595748993,0.67549337542676,-0.4670475263178776,1.8290525540734313
-0.8570097458936248,-0.830786577482488,-0.8761393857908213,-1.1133224022162618,-0.8445988625861699,-0.013377828370736151,-1.1856496650791943,-1.3474095253220253,-1.5886762095496114,0.6932620218538381,-0.5217034599321433,-0.5377976692730551
-1.040549862731732,-0.4439563921434595,-0.4905356649579517,-0.2448191884983567,-0.3622771790670083,-0.06872445385499176,-0.5767621976406783,-0.9890330192449794,-0.8098356490285877,-0.6902826605460011,0.8104127063903459,-1.331743283350344
-0.24112309965423134,-0.08502021803676386,-0.153366226152139,0.32468397246526715,-0.39925322281051934,0.44962742741724476,-0.24422281085444747,1.0181155353791453,1.270679216879454,0.025287923250273348,-1.3066242739295473,1.64506176592474
-1.0073849663157342,-0.2584570319339319,-1.0190290496452494,-1.16478307533047,-1.868267974439453,-0.1452339994156852,-1.2086628099728982,-1.8420121602274973,-0.4819831149638196,-1.041191975149587,0.10595360560390953,-0.10975486730766858
-1.969538981788689,-1.1303549973660616,-1.294525004859171,-1.610363672640578,-1.3566682986312464,0.8642740461464766,-0.8305289443515037,-0.7451885234503159,-0.8528880733504792,-1.24207906288448,-0.24960481832137296,1.3689876288924567
0.6870501049643273,0.25504433799424525,0.3220049345748314,0.7500859788954638,0.695261639343456,-0.41476354064278087,0.8367798019381287,1.1154788379360765,0.9669537023835492,-0.32386126921527864,0.7007348368161088,0.4923164823639562
-0.06790005432945186,0.6771692424475506,-0.19321440028314543,0.8383473179262776,-0.24569071078040075,0.8413139914700942,0.18396479376505143,-0.08444769517240208,1.1901064148730895,0.13815920175746468,-1.120040843887609,-0.22518409593916558
-0.3255858250196172,-0.5636398246507773,0.33680342446417494,0.6602058820232362,0.03668885125213714,0.8092289320866243,-0.32272095254749145,-0.2684808053104281,1.0101356207088485,-0.6889404716886101,-2.974507840698929,1.0547803119045913
-0.22247288354558944,0.9366924585168998,0.9833510140577323,0.6908717318189128,-0.8947732241465798,0.025823078666417556,0.4414158900839625,-1.2061529378536027,-0.28649512907412117,0.0361175212068398,-0.9194956493743627,-0.5407406788602365
1.0854723486861024,0.5310307293495186,0.6669512569604605,1.3441952671636082,1.3296534047247053,-0.8159548911311617,0.46701233274987947,0.4104412379816637,-0.21895069387555274,1.0466112054583114,-3.5889952446659033,1.1558579335015684
-1.0849579390604316,-0.04387413485543781,-0.7093880335257174,-0.6834533070689576,-1.2297281490718226,2.1005077671446064,-0.1002338581120692,-0.9181800533065724,-0.24553861023645707,-0.4922855148850829,-1.7441063093755598,-1.2055663783425838
0.6845573332533381,0.4120344517858361,0.9295492975640622,-0.24311519725143355,0.37041155740837817,-0.5410773900316403,0.5071518211546024,0.408378031512794,0.017613251708902183,0.6329700594455867,-0.44433617671679587,0.33192301652161854
-1.4869461325371727,0.06876163551531868,0.04731605724352865,0.011586536317806581,-1.3585823102612566,0.5094070918428473,0.47868210703075176,-0.9939457319052178,-0.5813030776166683,0.28632443212134995,-0.8308505472164102,-0.6816642936813719
0.1672015879738903,-0.023087540677373855,-0.44698760676238897,1.0700966244673658,-0.03623353104608408,0.45929804496731114,-0.14528442419436585,-0.4906480131950685,-0.9298782976319256,0.9726496345621329,-1.578534669540301,0.40776129700923086
0.7606752293709258,0.32485001610423136,-0.19748785427687027,-0.5733236268053857,0.38654772167895296,-0.5237858614050003,-0.08027355020347215,0.13637166518469668,-0.3228322153139842,1.0046290448318618,0.5167324091631758,-1.8329152021879325
-1.5481658087744576,-1.080642760716552,-0.44891061742053356,0.4728958714890929,-1.0701966706181827,0.706632442109618,-0.23794279563209828,-0.5963871594564818,-0.2820277865777901,-1.096688383738256,-1.1324674232616054,-0.6990611470040157
0.5045686176769001,0.4679476840128512,1.5153833273666615,2.052571707782414,1.0466621510198093,0.09320084367764189,1.4041712026671815,0.9447585700299489,-0.7499152985363814,-0.39725220577634546,0.4820335793649744,-0.6185770960765163
0.4868211962470851,-0.5289889141426779,-0.806226642479051,-0.8723629434208974,0.04100175642267232,-0.26543079136650277,-0.8976230193075999,-0.46953821283334685,-0.5274994760953292,-1.119577984126706,-0.8872258310096636,1.123386677423996
0.07971794470191862,-0.11707065369300533,-0.05045441786878687,-0.4236082240991349,-0.05448978585227275,0.6022341438658037,0.09409579698406471,-0.16487859639592845,-0.6748394949078889,-1.2300874630058973,0.09809021964025413,0.005332649307400793
1.3906477345555666,1.1952561678391511,1.253276030667002,0.8168645258268982,1.3248003908375345,-0.5300488405042069,1.345952366554955,2.0752239637948975,1.391157767552983,-0.10505874414018833,0.202348091781135,0.9995382568453793
0.35979952186838665,0.792239707143092,0.6328748516236239,0.7548100558673528,0.4130899996326804,-0.4257067164969494,0.6800965022263911,0.2845048009580625,0.30894105622763895,-0.5486688070156821,0.08969737202808921,-0.48527386776654596
-0.7622885676259059,-0.6525384484021544,-0.8668036285184477,-0.45462445038908683,-0.8715709439323563,0.7086418927528069,-1.266766445516984,-0.6511637327185679,-0.8070959983256873,-1.6015823834105087,-0.13108229367442428,-1.2906559173089476
-0.9983079062071746,-1.1459298034897214,-1.1125448436279097,-1.676643049468707,-1.260851988883063,0.9622971137984905,-0.6368095717041019,-1.0627113391131242,-1.920335553927122,-0.7163985170594253,0.00960866240655822,-1.7315529073331684
-1.091164114493348,0.011118023949082042,-0.10736872578502939,0.23361608060835462,-0.43376039082287615,0.13904782677229194,-0.0718648306595682,-0.34066997089902534,-0.8949445794297354,-1.1125788435605746,-0.43560011137157595,-2.0657270479095504
0.8234724310080475,0.6792195759167342,0.12539621924484312,0.07160198175826335,0.7762398940532947,0.07232902910958953,0.4243968368726831,1.3153446958499084,0.04718146512411008,0.6946832165019501,0.9081022192247259,0.8201400850138174
0.6616859317886223,0.23218303162505735,0.3628166081364822,-0.04652483380502255,0.17770370693225793,-0.15320559666952904,0.6956216896999593,0.5149057859906154,0.2441944241761139,0.8092067047303217,-1.0386808830676595,-0.0008036886889765626
0.14043067252500954,-1.4045729890927667,-0.9700799746096761,-1.3751109333103209,0.12437288946408004,0.4511017128534827,-0.6010179384129108,0.23452875854477848,0.8473340676753797,0.5787656672332022,1.0265077532470244,-0.16244737563310827
0.15686981371804834,-1.166749076854884,-0.6715803546075345,-1.2456620074531664,-0.28429492258528766,0.28415551625104374,-0.3238397381424601,0.5621717782704968,0.9344401517857976,-0.378999408987325,-0.6626801730684903,-1.9433740100690329
-0.7499445223632876,-0.35620680032839486,-0.5142238012202734,0.4236271945375308,-0.18188056959718982,-0.567585695491144,0.47925835985968857,-0.03931978677921454,0.416395964400585,-0.3006414510011891,-0.7357416909235135,-1.5946527144012324
1.734319637272838,1.4322256402824476,1.3714448749866999,1.0706539270440143,1.7721480903356763,-2.0388348011594175,0.5106999257862758,1.4157536885107398,1.1502590232012475,1.6842774914334067,1.1542432659053885,-0.5268615824600162
0.3401125819370886,-0.16726588568691697,0.680801893909541,-0.010718336125504331,0.42001946291772657,-0.006519842789025473,1.4691429473298077,0.7589431236615602,0.5942513022291841,-0.7607514203326067,0.8519463368811463,1.0092213664746983
-1.4339406944953306,-0.9924096352520997,-0.9346915131161281,-1.0607224277816028,-1.2532980189394722,0.6793001547438131,-1.1853080930649877,-1.2571260999643117,-0.9021531889662533,-0.48315231701708505,-1.29789349114587,-1.1669124056208025
-0.40603720832307166,-0.7075925208503554,-1.2612461922416607,-1.6968051451124304,-0.3069111012462632,0.8654882462401665,-1.4509280794311472,-0.3508408377840651,0.024901080286310214,-0.9090602465216205,0.14472324433845674,-0.11392841008891665
-0.5117044083549226,-0.05789840955736728,0.7111736737920765,0.6178638352674434,-0.2314632325616146,0.3330135805367073,0.13394439180377382,-0.6172796121112715,-0.8249460010272126,-0.30823076667064075,-0.3758350850818204,-0.1136707914919201
0.14131664882610034,-1.5009895347654656,-1.1073982725386664,-0.8769083035477397,-0.16737396713694938,0.3598842222241777,-0.7030537838471893,-0.2974982539124946,0.03710653714737145,-1.5599449993569896,0.29818390858717964,-0.37755752107274204
0.5747407051643721,-0.04942817353188875,-0.12049633808077816,0.23917876735895952,-0.23231604083106308,-0.10491327873072799,0.09510406984303879,-0.37937262276835976,0.8273400611969485,-1.0850854755788992,1.9853625500037622,-0.387747538291185
1.3229877096911262,0.19222214227539147,0.15831317060105765,0.26491949576409685,1.2727456976418405,-1.4385108736925794,-0.394074936787803,0.9541678279763075,0.6987476669604396,-0.09698957878017812,1.4947851220012611,1.1103084849392817
1.3251139537322238,1.4777573765026566,0.7319432920484563,0.1760362268116737,0.9151946461640329,-0.3931710454671624,-0.13067604897574597,0.5929525987244852,-0.921899106301242,1.1156386923226864,0.0004189190245910198,-2.156403554629047
0.8001407313029782,0.8759352669487072,0.6557382625400535,0.5085672737242293,0.6274761688556315,-0.9867490030648328,1.3785986041090825,0.6724580456297843,0.33977917160294646,0.7027644941809541,0.25281255798388336,2.304486458410732
1.3262371263257975,2.1432669880899016,2.060578303972053,1.345807553562057,1.3234798912944101,-0.5041511559841886,2.60598138298307,0.9125915287162661,0.7915678016514699,1.8064144138768916,-0.2129019196374594,-0.29386571750885654
-0.6862617208754411,-0.742326615970822,-0.5948431892800923,-0.4168725365747531,-0.2758250522462735,-0.18187134033439073,-0.7200691153831205,-0.6139093049210209,-0.9745624288077248,-1.228991182324462,-1.0644670940166878,-0.2982270703150725
-0.17971165468808734,0.3021706701646265,0.31475280939538963,0.5839226349770711,0.15791908782034209,-0.496695923232248,0.42562356578102606,0.3301014281181669,0.6178341878420144,0.2943669094536401,0.5318033013541897,-0.2975133724362472
2.7194598339617415,2.358671344761584,2.1501272918423684,2.6508221659118156,2.5281842252769553,-2.092350546435037,2.383870033754921,2.5485675972882587,2.9453700716803337,1.920403874278546,-1.7950230200406911,0.6932918834927276
-1.784113216239635,-0.07697813395810646,0.4806672842970538,0.46056392685869213,-1.707045483513146,1.3965631438133819,1.4656574643400626,-1.7413840717037632,-1.6765736659236725,-1.176253389260746,-0.324131267334686,0.7465970843033048
-0.7220944683084579,-1.0370102645360335,-1.2041949084609636,-0.7333737394734565,-0.8952265006786335,0.3668204018124223,-2.1285794747372937,-1.5306623331187086,-0.7474430327967697,-1.3279632479486077,-0.30764653094197747,0.8751329427566905
-0.3193564847156879,-0.6249361336709931,-0.9343163482267792,-0.6628593623216616,-0.2571899616192183,1.1591312637618338,-0.3984567790113146,-0.46429336758427453,-0.21309366594777268,-0.20624708231367403,0.91661615452843,-2.1598967253758374
-0.5060339571976403,-0.12028436601572114,-0.26198806208330155,-0.5142260862482595,-0.32247350564279315,0.0002488574101689173,-0.25923923816897587,-0.8124317283458438,-0.1511204834652337,0.41815090488994044,0.6343960868839865,-0.007907964534985283
-1.5313498060565554,-2.0709180137598873,-1.667681119308821,-0.5798651857537218,-1.2231971110839508,1.1628492363338545,-1.3564741808055445,-1.0093488846596859,-2.091242876411665,-0.7458490483130542,0.5137865353547996,0.2209346680892052
-1.3004337794230822,-0.43915415612797915,-0.714960577490082,-0.7162006588035486,-1.2073803128635963,0.652720969686219,-0.9178538474905319,-0.937799745325918,-1.8893204117256202,-0.45876182874548427,1.9435854701562238,1.8145282769015112
1.3127971888620154,0.8930052518666702,0.9224552600922427,0.4439186570315412,1.6976369460507506,-2.0182391234902872,-0.36400098305559864,0.48117842291544,-1.0627029443370395,1.3419954611634715,0.19311040928497278,0.027657158778047666
0.9926507105149486,1.085392580825285,0.5755416590194155,0.05020781288497913,0.607872419329356,-1.1262928163910044,2.2313496457852158,1.0884091785271457,1.2450921978710978,0.688810074472747,1.1369063426483585,-0.689281425090264
-0.7035813848081485,-0.7335773598889362,-0.36483186840177684,-1.2974225371126193,-1.0896972855294114,0.9375337101040484,-0.35792817988100056,-0.3153565294436246,0.019555073163322938,-1.0364221496203947,0.5854452580496405,-0.6718880641111544
-0.668341598483828,0.4694603058139292,0.2959182177768758,0.31015530947484365,-0.7817543445906662,1.0991679781739954,0.23594902960023678,-1.2294352459085192,-1.4618490398250672,1.089199902568634,-1.1604019900379237,0.9637268916338555
-1.8337427914304938,-1.5531734540775535,-1.8855294340283237,-1.2079367609181586,-1.324886157551279,2.2519453978072317,-1.7631788250371008,-1.889665685994274,-0.9078439716692763,-2.23082053017833,0.2914502569918798,0.8267802537866056
-0.36822273225529334,0.26303365561784275,0.06080893924144405,0.24164737249296936,-0.14997876661332277,-0.7372704820246055,0.522702791339108,0.15166773124593796,0.7558928079053937,0.7723001997365786,-1.0829837814940526,-1.469045444251901
-0.4162068498468472,-1.667619620639815,-1.3583806584882734,-1.9308478201807295,-0.8277355800040479,0.6878447818104076,-1.374792424723218,-1.4013075777982078,-0.46290941175051903,-1.0060051309859115,0.17915996626063604,-0.520855215133374
-0.4826639911100019,0.883904547250006,0.11223702593769957,0.8504673991618676,-0.3324224761517065,0.6755748358322867,0.2784888668373848,-0.4761883723565812,-1.1104386188977164,1.408961770414152,0.12414788684291193,2.6250153293140603
-1.3407074248681268,-0.6704203774196185,-0.46291148806263777,-0.17738021442560842,-1.802164790142161,0.998873088673222,-0.015326051252665202,-1.423991295450043,-1.6119759405969865,-1.9617310677486886,-1.1632402120298813,0.6356274315186945
-0.7606232835971315,-1.0116043272075643,-0.3787647251441074,-0.5766511179247269,-0.16318696396502916,0.46847596465757385,-0.020211405914848036,0.029646788619691864,-0.23897477197328856,-0.030647275568081146,0.5908483619922186,0.5498586022844855
2.118929318884231,0.6393322720742513,1.436463143573319,1.9362604923778113,1.7389643495350988,-1.8043051746709906,0.9735636183878017,1.8079723109618409,1.5109786574195592,1.0587615001530633,1.1526803694859116,-0.1795669077375979
0.43049663938318716,-0.7616908628628588,-0.760522314585181,-1.4047702567695364,0.1672615753984176,-0.3694258754204249,-0.37258505628723937,0.27037356918430494,-0.2768972221268385,1.4196413161800616,0.2528102460699884,-0.6327256164542254
0.37662782338724576,0.024763382258822398,0.12560640981551777,0.6696951392500102,0.7727542813193848,-0.6290772341886991,-0.3450600167549447,0.12430010610351161,-0.04588084271168773,0.41015504629382427,0.2600621521070325,-0.5731107908886827
1.483412422934833,0.5097866785993497,1.2922788126447218,0.828614088606598,1.4347551210334906,-0.6306110521844013,0.8759943437540676,1.0362177868301894,1.1647793220818412,1.5751433324453559,-0.07363462088146203,-0.3091309026695665
0.5363362088577094,-0.25727887573933667,-0.0061167773915170144,-0.7614741622999358,0.27643660167557194,-0.25010056083532245,1.2043393339750645,1.5126357253891949,1.4685756512835757,0.5723475477784876,-1.5081372217580333,-1.3669097747711836
-1.2273388781166636,-0.40117568154135475,-0.8553328692514314,-0.7392244000349294,-1.3764704152650922,1.7796922611336827,-0.6296480597461778,-1.0869469424873786,-0.021753445411711012,-1.57035272714283,-0.8408093932654312,-1.7461496992234782
0.837761086605602,0.10929665701394187,0.01771818091999852,0.5827705271461198,0.634049291699746,-1.2447498628960978,-1.0787668999571753,-0.05339654647735112,0.61652539669411,0.06793998924570493,-0.02567866921307775,-0.9220928108887793
-0.19235447835121225,0.19263794810820178,-0.3104072320889488,0.036270260251287434,-0.3467675771535837,0.2529635489984358,0.05171663868912909,-0.04326144905271706,-0.5146594361412631,-0.30314274683013076,-0.022544038792666178,1.4704326568704258
1.218674860577651,0.34895417168844456,0.856143611061012,0.5570297293935706,0.9852369295735588,0.44515066454378677,1.3462862047917838,1.3610636198036106,1.4693382249121607,0.43235283638445615,-0.4184679472909976,0.8924633606806428
-0.3350641808294552,0.8947419059905762,0.4673049790056294,-0.1962392223426097,-0.48445668001338144,0.476141829029037,1.1242434672173764,-0.5509006826602586,-1.6134043300828964,1.3581346678384398,-0.07780718038976006,0.5101497361229032
-1.3687593143411705,-0.2711143179783338,-0.748006446594277,-0.44345888890692964,-1.5408211701780443,1.707133893118086,-0.4392164964982475,-1.46595958180388,-1.1456709040524484,-0.13258503867459806,-1.4504739291270352,1.2071825873104347
-0.37993389900443586,0.11298532408418588,-0.1506976877257745,0.20026437456002646,0.12002925307751552,-0.07649908601823836,-0.46386380272276273,0.14325848781482356,1.5584568464520432,0.15338819984948704,-1.3408923119007035,0.08540562079951537
-0.42908483036607725,0.07773888345099594,0.08704953595321151,0.7483597817333708,-0.460111099833217,1.2555083427827234,-0.8970598868587086,-0.36825284881364884,0.1874175900733872,-0.7433373359293336,-0.05867934663127817,0.6433034583654265
